embedding_dim,filters,brand_train_samples,brand_test_samples,brand_train_loss,brand_test_loss
50,10,26,74,0.07741935483870967,0.05594405594405594
50,10,74,26,0.033276157804459694,0.006666666666666665
